category,type,value,comment
Payload delivery,sha1,ecf794599c5a813f31f0468aecd5662c5029b5c4,Related to Hive Ransomware
Payload delivery,sha256,e81a8f8ad804c4d83869d7806a303ff04f31cce376c5df8aada2e9db2c1eeb98,Related to Hive Ransomware
Payload delivery,md5,d46104947d8478030e8bcfcc74f2aef7,Related to Hive Ransomware
Payload delivery,sha1,d1ef9f484f10d12345c41d6b9fca8ee0efa29b60,Related to Hive Ransomware
Payload delivery,sha256,d0c1662ce239e4d288048c0e3324ec52962f6ddda77da0cb7af9c1d9c2f1e2eb,Related to Hive Ransomware
Payload delivery,md5,bb7c575e798ff5243b5014777253635d,Related to Hive Ransomware
Network activity,ip-dst,91.208.52.149,Related to Hive Ransomware
Payload delivery,sha256,8b9c7d2554fe315199fae656448dc193accbec162d4afff3f204ce2346507a8a,Related to Hive Ransomware
Payload delivery,sha1,763499b37aacd317e7d2f512872f9ed719aacae1,Related to Hive Ransomware
Payload delivery,md5,6c9ad4e67032301a61a9897377d9cff8,Related to Hive Ransomware
Payload delivery,md5,6a58b52b184715583cda792b56a0a1ed,Related to Hive Ransomware
Payload delivery,sha1,655979d56e874fbe7561bb1b6e512316c25cbb19,Related to Hive Ransomware
Payload delivery,md5,5e1575c221f8826ce55ac2696cf1cf0b,Related to Hive Ransomware
Payload delivery,sha256,572d88c419c6ae75aeb784ceab327d040cb589903d6285bbffa77338111af14b,Related to Hive Ransomware
Payload delivery,md5,4fdabe571b66ceec3448939bfb3ffcd1,Related to Hive Ransomware
Payload delivery,sha1,3477a173e2c1005a81d042802ab0f22cc12a4d55,Related to Hive Ransomware
Payload delivery,sha1,2aee699780f06857bb0fb9c0f73e33d1ac87a385,Related to Hive Ransomware
Payload delivery,md5,2401f681b4722965f82a3d8199a134ed,Related to Hive Ransomware
Payload delivery,sha1,2146f04728fe93c393a74331b76799ea8fe0269f,Related to Hive Ransomware
Network activity,ip-dst,185.70.184.8,Related to Hive Ransomware
Network activity,ip-dst,139.60.161.228,Related to Hive Ransomware
Payload delivery,sha256,047c2d5a6cf769c33e019c0b576aef702cae77f3418f0aeba0706467be5ba681,Related to Hive Ransomware
Network activity,url,http://95.143.179.188/rPPz9mJE/build.exe,Related to Hive Ransomware
Network activity,url,http://81.16.141.214:12345/Files/ca886235/1.exe,Related to Hive Ransomware
Network activity,url,http://193.233.48.64/build.exe,Related to Hive Ransomware
Network activity,url,http://193.233.48.64/build_o.exe,Related to Hive Ransomware
Network activity,url,http://file-coin-coin-10.com/files/3146_1647797189_9799.exe,Related to Hive Ransomware
Network activity,url,http://file-coin-coin-10.com/files/7060_1647109264_3109.exe,Related to Hive Ransomware
Network activity,url,http://2.56.56.134/build.exe,Related to Hive Ransomware
Network activity,url,http://193.233.48.64:20001/bot/cache/99608309.exe,Related to Hive Ransomware
Network activity,url,http://193.233.48.64:20001/bot/cache/68950155.exe,Related to Hive Ransomware
Network activity,url,http://193.233.48.64:20001/bot/cache/42663002.exe,Related to Hive Ransomware
Network activity,url,http://193.233.48.64:20001/bot/cache/36712604.exe,Related to Hive Ransomware
Network activity,url,http://193.233.48.64:20001/bot/cache/33132493.exe,Related to Hive Ransomware
Network activity,url,http://193.233.48.64:20001/bot/cache/49495799.exe,Related to Hive Ransomware
Network activity,url,http://193.233.48.64:20001/bot/cache/32311396.exe,Related to Hive Ransomware
Network activity,url,http://185.112.83.96:20001/build_dl,Related to Hive Ransomware
Network activity,url,http://185.112.83.109/outeptest11.exe,Related to Hive Ransomware
Network activity,url,http://85.202.169.245/build.exe,Related to Hive Ransomware
Network activity,url,http://5.255.100.227/myblog/posts/32.exe,Related to Hive Ransomware
Network activity,url,http://131.153.22.157/myblog/images/32.exe,Related to Hive Ransomware
Network activity,url,http://91.243.59.17/build.exe,Related to Hive Ransomware
Network activity,url,http://91.243.32.180/build.exe,Related to Hive Ransomware
Network activity,url,http://194.5.212.190/load/linux,Related to Hive Ransomware
Network activity,url,http://194.5.212.190/load/freebsd,Related to Hive Ransomware
Payload delivery,sha1,edba1b73ddd0e32784ae21844c940d7850531b82,Related to Hive Ransomware
Payload delivery,sha1,67f0c8d81aefcfc5943b31d695972194ac15e9f2,Related to Hive Ransomware
Payload delivery,sha1,2877b32518445c09418849eb8fb913ed73d7b8fb,Related to Hive Ransomware
